{
  "keyword": "success",
  "lesson": [{
    "id": 1,
    "name": "Butterfly Algorithms",
    "grade": "k, 1, 2, 3",
    "creator": "The Bowers Institute",
    "subject": "science",
    "environment": "Scratch",
    "length": "70 min",
    "concept": "algorithms",
    "standards": "CSTA",
    "device": "Micro: bits",
    "star_1": 0,
    "star_2": 0,
    "star_3": 0,
    "star_4": 0,
    "star_5": 0
  }, {
    "id": 2,
    "name": "Demonstrating Change Over Time Using Moon Phases",
    "grade": "1",
    "creator": "The Bowers Institute",
    "subject": "geography",
    "standards": "K12CS",
    "device": "Finch Robot",
    "environment": "Scratch",
    "concept": "",
    "star_1": 3,
    "star_2": 0,
    "star_3": 0,
    "star_4": 0,
    "star_5": 0
  }, {
    "id": 3,
    "name": "Creative Computing Curriculum",
    "grade": "k, 1, 2, 3, 4, 5",
    "creator": "Harvard",
    "subject": "art, music",
    "environment": "Scratch",
    "concept": "sequence, debugging, loops, parallelism, events",
    "length": "9.5 hours",
    "standards": "CSTA",
    "device": "Micro: bits",
    "star_1": 0,
    "star_2": 4,
    "star_3": 0,
    "star_4": 0,
    "star_5": 0
  }, {
    "id": 4,
    "name": "CS First",
    "grade": "4, 5, 6, 7, 8",
    "creator": "creator1",
    "environment": "Java",
    "subject": "math",
    "standards": "K12CS",
    "device": "Finch Robot",
    "concept": "",
    "star_1": 3,
    "star_2": 4,
    "star_3": 6,
    "star_4": 0,
    "star_5": 0
  }, {
    "id": 5,
    "name": "CodyGuppy",
    "grade": "k, 1, 2, 3, 4, 5",
    "creator": "creator1",
    "environment": "Python",
    "subject": "game",
    "standards": "CSTA",
    "device": "Micro: bits",
    "concept": "",
    "star_1": 2,
    "star_2": 0,
    "star_3": 6,
    "star_4": 1,
    "star_5": 5
  }, {
    "id": 6,
    "name": "CS in SF: My CS",
    "grade": "k, 1, 2, 3, 4, 5",
    "creator": "creator1",
    "environment": "Scratch",
    "subject": "storytelling",
    "standards": "K12CS",
    "concept": "",
    "device": "",
    "star_1": 2,
    "star_2": 4,
    "star_3": 10,
    "star_4": 10,
    "star_5": 3
  }, {
    "id": 7,
    "name": "CS For All",
    "grade": "k, 1, 2, 3, 4, 5, 6, 7, 8",
    "creator": "creator1",
    "environment": "Python",
    "subject": "social",
    "device": "Finch Robot",
    "concept": "",
    "standards": "",
    "star_1": 9,
    "star_2": 20,
    "star_3": 6,
    "star_4": 7,
    "star_5": 18
  }, {
    "id": 8,
    "name": "BootUp",
    "grade": "9, 10, 11, 12",
    "creator": "creator1",
    "environment": "block-based, Java",
    "subject": "math",
    "device": "Micro: bits",
    "concept": "loops, parallelism, events",
    "standards": "",
    "star_1": 1,
    "star_2": 9,
    "star_3": 10,
    "star_4": 5,
    "star_5": 2
  }, {
    "id": 9,
    "name": "Hour of Code",
    "grade": "9, 10, 11, 12",
    "creator": "creator1",
    "environment": "Python",
    "subject": "storytelling",
    "concept": "",
    "device": "",
    "standards": "",
    "star_1": 3,
    "star_2": 15,
    "star_3": 6,
    "star_4": 2,
    "star_5": 18
  }, {
    "id": 10,
    "name": "CodeHS",
    "grade": "9, 10, 11, 12",
    "creator": "creator1",
    "environment": "block-based, Scratch",
    "subject": "music",
    "concept": "loops, parallelism, events",
    "standards": "",
    "device": "",
    "star_1": 2,
    "star_2": 4,
    "star_3": 9,
    "star_4": 4,
    "star_5": 11
  }, {
    "id": 11,
    "name": "STEMcoding",
    "grade": "4, 5, 6, 7, 8",
    "creator": "creator1",
    "environment": "Java",
    "concept": "",
    "device": "",
    "subject": "general",
    "standards": "CSTA",
    "star_1": 11,
    "star_2": 18,
    "star_3": 13,
    "star_4": 6,
    "star_5": 9
  }, {
    "id": 12,
    "name": "Bootstrap",
    "grade": "4, 5, 6, 7, 8",
    "creator": "creator1",
    "environment": "Scratch",
    "concept": "",
    "device": "",
    "subject": "math",
    "standards": "",
    "star_1": 1,
    "star_2": 5,
    "star_3": 4,
    "star_4": 4,
    "star_5": 9
  }, {
    "id": 13,
    "name": "Tech-1-2-3",
    "grade": "3, 4, 5, 6, 7, 8",
    "creator": "creator1",
    "environment": "block",
    "subject": "math",
    "concept": "",
    "device": "",
    "standards": "CSTA",
    "star_1": 1,
    "star_2": 2,
    "star_3": 4,
    "star_4": 10,
    "star_5": 12
  }, {
    "id": 14,
    "name": "CutOut4CS",
    "grade": "4, 5, 6, 7, 8",
    "creator": "creator1",
    "subject": "storytelling",
    "device": "Finch Robot",
    "concept": "",
    "standards": "",
    "environment": "",
    "star_1": 3,
    "star_2": 1,
    "star_3": 9,
    "star_4": 8,
    "star_5": 13
  }, {
    "id": 15,
    "name": "Lyrical Chef",
    "grade": "4, 5, 6, 7, 8",
    "creator": "creator1",
    "device": "",
    "subject": "storytelling",
    "environment": "",
    "concept": "",
    "standards": "",
    "star_1": 2,
    "star_2": 5,
    "star_3": 6,
    "star_4": 15,
    "star_5": 9
  }, {
    "id": 16,
    "name": "Stanford Intro Logic",
    "grade": "4, 5, 6, 7, 8",
    "creator": "creator1",
    "subject": "storytelling",
    "environment": "",
    "concept": "",
    "device": "",
    "standards": "",
    "star_1": 4,
    "star_2": 2,
    "star_3": 10,
    "star_4": 2,
    "star_5": 20
  }, {
    "id": 17,
    "name": "Computer Science Principles",
    "grade": "4, 5, 6, 7, 8",
    "creator": "creator1",
    "concept": "",
    "subject": "storytelling",
    "environment": "",
    "device": "",
    "standards": "",
    "star_1": 2,
    "star_2": 6,
    "star_3": 6,
    "star_4": 3,
    "star_5": 13
  }, {
    "id": 18,
    "name": "Web Design & Development I",
    "grade": "4, 5, 6, 7, 8",
    "creator": "creator1",
    "subject": "storytelling",
    "device": "",
    "concept": "",
    "environment": "",
    "standards": "",
    "star_1": 1,
    "star_2": 3,
    "star_3": 6,
    "star_4": 4,
    "star_5": 12
  }, {
    "id": 19,
    "name": "Kodu",
    "grade": "4, 5, 6, 7, 8",
    "creator": "creator1",
    "subject": "storytelling",
    "device": "",
    "environment": "",
    "standards": "",
    "concept": "",
    "star_1": 0,
    "star_2": 0,
    "star_3": 6,
    "star_4": 0,
    "star_5": 0
  }, {
    "id": 20,
    "name": "MakeCode",
    "grade": "4, 5, 6, 7, 8",
    "creator": "creator1",
    "device": "",
    "subject": "storytelling",
    "environment": "",
    "concept": "",
    "standards": "",
    "star_1": 0,
    "star_2": 0,
    "star_3": 6,
    "star_4": 0,
    "star_5": 0
  }, {
    "id": 21,
    "name": "Beauty and Joy of Computing for Technology and Engineering",
    "grade": "4, 5, 6, 7, 8",
    "device": "",
    "creator": "creator1",
    "subject": "storytelling",
    "concept": "",
    "environment": "",
    "standards": "",
    "star_1": 0,
    "star_2": 0,
    "star_3": 6,
    "star_4": 0,
    "star_5": 0
  }, {
    "id": 22,
    "name": "e-Textiles-in-a-Box",
    "grade": "4, 5, 6, 7, 8",
    "concept": "",
    "device": "",
    "creator": "creator1",
    "subject": "storytelling",
    "environment": "",
    "standards": "",
    "star_1": 0,
    "star_2": 0,
    "star_3": 6,
    "star_4": 0,
    "star_5": 0
  }, {
    "id": 23,
    "name": "AgentCubes-in-a-Box",
    "grade": "4, 5, 6, 7, 8",
    "creator": "creator1",
    "concept": "",
    "device": "",
    "subject": "storytelling",
    "environment": "",
    "standards": "",
    "star_1": 0,
    "star_2": 0,
    "star_3": 6,
    "star_4": 0,
    "star_5": 0
  }, {
    "id": 24,
    "name": "Codemoji HTML",
    "grade": "4, 5, 6, 7, 8",
    "device": "",
    "creator": "creator1",
    "concept": "",
    "subject": "storytelling",
    "standards": "",
    "environment": "",
    "star_1": 0,
    "star_2": 0,
    "star_3": 6,
    "star_4": 0,
    "star_5": 0
  }, {
    "id": 25,
    "name": "CodELEVATE",
    "grade": "4, 5, 6, 7, 8",
    "creator": "creator1",
    "device": "",
    "subject": "storytelling",
    "standards": "",
    "concept": "",
    "environment": "",
    "star_1": 0,
    "star_2": 0,
    "star_3": 6,
    "star_4": 0,
    "star_5": 0
  }],
  "lesson_session": [{
    "id": 1,
    "lesson_id": 1,
    "name": "Butterfly Algorithms",
    "grade": "k, 1, 2, 3",
    "subject": "science",
    "environment": "Scratch",
    "url": "https://www.thetech.org/media/pzqjfnsy/lesson-butterflyalgorithms.pdf",
    "length": "70 min",
    "concept": "algorithms"
  }, {
    "id": 2,
    "lesson_id": 2,
    "name": "Unit 0: Getting Started",
    "grade": "k, 1, 2, 3, 4, 5",
    "environment": "Scratch",
    "length": "1 hour",
    "url": "https://creativecomputing.gse.harvard.edu/guide/curriculum.html",
    "concept": ""
  }, {
    "id": 3,
    "lesson_id": 2,
    "name": "Unit 1: Exploring",
    "grade": "k, 1, 2, 3, 4, 5",
    "environment": "Scratch",
    "length": "4 hours",
    "url": "https://creativecomputing.gse.harvard.edu/guide/curriculum.html",
    "concept": "sequence, debugging"
  }, {
    "id": 4,
    "lesson_id": 2,
    "name": "Unit 2: Animations",
    "grade": "k, 1, 2, 3, 4, 5",
    "subject": "art, music",
    "environment": "Scratch",
    "length": "4.5 hours",
    "url": "https://creativecomputing.gse.harvard.edu/guide/curriculum.html",
    "concept": "loops, parallelism, events"
  }, {
    "id": 5,
    "lesson_id": 3,
    "name": "Unit 0: Getting Started",
    "grade": "k, 1, 2, 3, 4, 5",
    "environment": "Scratch",
    "length": "1 hour",
    "url": "https://creativecomputing.gse.harvard.edu/guide/curriculum.html",
    "concept": ""
  }, {
    "id": 6,
    "lesson_id": 3,
    "name": "Unit 0: Getting Started",
    "grade": "k, 1, 2, 3, 4, 5",
    "environment": "Scratch",
    "length": "1 hour",
    "url": "https://creativecomputing.gse.harvard.edu/guide/curriculum.html",
    "concept": ""
  }, {
    "id": 7,
    "lesson_id": 6,
    "name": "Unit 0: Getting Started",
    "grade": "k, 1, 2, 3, 4, 5",
    "environment": "Scratch",
    "length": "1 hour",
    "url": "https://creativecomputing.gse.harvard.edu/guide/curriculum.html",
    "concept": ""
  }, {
    "id": 8,
    "lesson_id": 8,
    "name": "Unit 0: Getting Started",
    "grade": "k, 1, 2, 3, 4, 5",
    "environment": "Scratch",
    "length": "1 hour",
    "url": "https://creativecomputing.gse.harvard.edu/guide/curriculum.html",
    "concept": ""
  }, {
    "id": 9,
    "lesson_id": 10,
    "name": "Unit 0: Getting Started",
    "grade": "k, 1, 2, 3, 4, 5",
    "environment": "Scratch",
    "length": "1 hour",
    "url": "https://creativecomputing.gse.harvard.edu/guide/curriculum.html",
    "concept": ""
  }, {
    "id": 10,
    "lesson_id": 13,
    "name": "Unit 0: Getting Started",
    "grade": "k, 1, 2, 3, 4, 5",
    "environment": "Scratch",
    "length": "1 hour",
    "url": "https://creativecomputing.gse.harvard.edu/guide/curriculum.html",
    "concept": ""
  }, {
    "id": 11,
    "lesson_id": 5,
    "name": "Unit 0: Getting Started",
    "grade": "k, 1, 2, 3, 4, 5",
    "environment": "Scratch",
    "length": "1 hour",
    "url": "https://creativecomputing.gse.harvard.edu/guide/curriculum.html",
    "concept": ""
  }, {
    "id": 12,
    "lesson_id": 4,
    "name": "Unit 0: Getting Started",
    "grade": "k, 1, 2, 3, 4, 5",
    "environment": "Scratch",
    "length": "1 hour",
    "url": "https://creativecomputing.gse.harvard.edu/guide/curriculum.html",
    "concept": ""
  }],
  "reviews": [{
    "id": 1,
    "lesson_id": 1,
    "review": "this is the first review"
  }, {
    "id": 2,
    "lesson_id": 1,
    "review": "this is the 2 review"
  }, {
    "id": 3,
    "lesson_id": 1,
    "review": "this is 3 reveiwadsdadsada"
  },
  {
    "id": 4,
    "lesson_id": 2,
    "review": "this is the 4 review"
  }, {
    "id": 5,
    "lesson_id": 2,
    "review": "this is the 5 review"
  }, {
    "id": 6,
    "lesson_id": 3,
    "review": "this is 6 reveiwadsdadsada"
  }, {
    "id": 7,
    "lesson_id": 3,
    "review": "this is the 7 review"
  }, {
    "id": 8,
    "lesson_id": 3,
    "review": "this is the 8 review"
  }, {
    "id": 9,
    "lesson_id": 3,
    "review": "this is 9 reveiwadsdadsada"
  }],
  "chats": [{
      "id": 1,
      "lesson_id": 1,
      "thread_id": 1,
      "sortID": 0,
      "content": "Hi, this is the first topic",
      "time": "2023-04-04",
      "userName": "User Name 1"
    },{
      "id": 2,
      "lesson_id": 1,
      "thread_id": 1,
      "sortID": 1,
      "content": "Hi, this is the first comment",
      "time": "2023-04-04",
      "userName": "User Name 2"
    },{
      "id": 3,
      "lesson_id": 1,
      "thread_id": 2,
      "sortID": 0,
      "content": "Hi, this is the second topic",
      "time": "2023-04-04",
      "userName": "User Name 3"
    },{
      "id": 4,
      "lesson_id": 1,
      "thread_id": 1,
      "sortID": 2,
      "content": "Hi, this is the third comment",
      "time": "2023-04-04",
      "userName": "User Name 4"
    }]
}
